Ciliopathy Gene Status,Gene name,Description,Localisation,Disease Association,References (Pubmed ID),Other Names,Human ENSEMBL,,,,,,,,,,,,,,,,,,
established,ADCY6,adenylate cyclase 6 ,axoneme,lethal congenital contracture syndrome (1 family), Hypomyelination neuropathy-arthrogryposis syndrome,24319099,AC6, LCCS8,ENSG00000174233,,,,,,,,,,,,,,,,
established,AHI1,Abelson helper integration site 1 ,TZ,JBTS,15322546,15467982,25103236,JBTS3, dJ71N10.1, AHI-1, ORF1,ENSG00000135541,,,,,,,,,,,,,
established,AK7,adenylate kinase 7 ,Apical cell localisation,PCD,22801010,18776131,20537283,FLJ32864,ENSG00000140057,,,,,,,,,,,,,,,,
established,ALMS1,"ALMS1, centrosome and basal body associated protein ",BB,Alström syndrome,11941369,11941370,ALSS,ENSG00000116127,,,,,,,,,,,,,,,,,
established,ANKS3,ankyrin repeat and sterile alpha motif domain containing 3 ,axoneme,"situs inversus totalis, congenital heart disease (1 family)",25671767,27417436,FLJ32345, FLJ32767, KIAA1977,ENSG00000168096,,,,,,,,,,,,,,,
established,ANKS6,ankyrin repeat and sterile alpha motif domain containing 6 ,axoneme,"NPHP with cardiovascular abnormalities, liver fibrosis and situs inversus",24610927,23793029,SAMD6, PKDR1, ANKRD14, NPHP16,ENSG00000165138,,,,,,,,,,,,,,
established,ARL13B,ADP ribosylation factor like GTPase 13B ,lipidated protein transport,"JBTS; also with retinal degeneration, obesity ",25138100,18674751,ARL2L1, JBTS8,ENSG00000169379,,,,,,,,,,,,,,,,
established,ARL2BP,ADP ribosylation factor like GTPase 2 binding protein ,BB,RP,23849777,BART, BART1, RP66,ENSG00000102931,,,,,,,,,,,,,,,,
established,ARL3,ADP ribosylation factor like GTPase 3 ,lipidated protein transport,RP (autosomal dominant, 1 family),26964041,ARFL3,ENSG00000138175,,,,,,,,,,,,,,,,,
established,ARL6,ADP ribosylation factor like GTPase 6 ,BBS - IFT-associated,"BBS, RP",15314642,15258860,21282186,BBS3, RP55,ENSG00000113966,,,,,,,,,,,,,,,
established,ARMC4,armadillo repeat containing 4 ,axonemal dynein assembly,PCD,24203976,CILD23,ENSG00000169126,,,,,,,,,,,,,,,,,,
established,ATXN10,ataxin 10 ,unclear localisation,NPHP, JBTS, Spinocerebellar ataxia,21565611,E46L, SCA10, HUMEEP,ENSG00000130638,,,,,,,,,,,,,,
established,B9D1,B9 domain containing 1 ,TZ,MKS, JBTS,21493627,24886560,B9, EPPB9, MKSR1, MKS9,ENSG00000108641,,,,,,,,,,,,,
established,B9D2,B9 protein domain 2 ,TZ,MKS, JBTS,21763481,26092869,MKS10, MKSR2, ICIS-1,ENSG00000123810,,,,,,,,,,,,,,
established,BBIP1,BBSome interacting protein 1,BBS - IFT-associated?,BBS,24026985,BBIP10, NCRNA00081, bA348N5.3, BBS18,ENSG00000214413,,,,,,,,,,,,,,,
established,BBS1,Bardet-Biedl syndrome 1 ,BBS - IFT-associated,BBS,12118255,BBS2L2,ENSG00000174483,,,,,,,,,,,,,,,,,,
established,BBS10,Bardet-Biedl syndrome 10 ,BBS - BB assembly/folding factor,BBS,16582908,C12ORF58,ENSG00000179941,,,,,,,,,,,,,,,,,,
established,BBS12,Bardet-Biedl syndrome 12 ,BBS - BB assembly/folding factor,BBS,17160889,C4ORF24,ENSG00000181004,,,,,,,,,,,,,,,,,,
established,BBS2,Bardet-Biedl syndrome 2 ,BBS - IFT-associated,BBS, RP,11285252,25541840,RP74, BBS,ENSG00000125124,,,,,,,,,,,,,,,
established,BBS4,Bardet-Biedl syndrome 4 ,BBS - IFT-associated, centriolar satellite,BBS,11381270,-,ENSG00000140463,,,,,,,,,,,,,,,,,
established,BBS5,Bardet-Biedl syndrome 5 ,BBS - IFT-associated,BBS,15137946,DKFZp762I194,ENSG00000163093,,,,,,,,,,,,,,,,,,
established,BBS7,Bardet-Biedl syndrome 7 ,BBS - IFT-associated,BBS,12567324,BBS2L1,ENSG00000138686,,,,,,,,,,,,,,,,,,
established,BBS9,Bardet-Biedl syndrome 9 ,BBS - IFT-associated,BBS,16380913,C18, D1, B1, PTHB1,ENSG00000122507,,,,,,,,,,,,,,,
established,C21ORF2,Chromosome 21 open reading frame 2,BB, TZ (connecting cilium), axoneme,CRD, early-onset retinal dystrophy, Axial Spondylometaphyseal Dysplasia,26294103,26974433,26992781,LRRC76, Seahorse, YF5/A2,ENSG00000160226,,,,,,,,,,
established,C21ORF59,chromosome 21 open reading frame 59,axonemal dynein assembly,PCD,24094744,kurly, FLJ20467, FBB18, CILD26, Kur,ENSG00000265590,,,,,,,,,,,,,,
established,C2CD3,C2 calcium dependent domain containing 3 ,BB distal centriole,OFD,24997988,27094867,OFD14,ENSG00000168014,,,,,,,,,,,,,,,,,
established,C2ORF71,chromosome 2 open reading frame 71 ,axoneme,RP,20398884,20398886,RP54,ENSG00000179270,,,,,,,,,,,,,,,,,
established,C5ORF42,Chromosome 5 open reading frame 42,TZ,JBTS, OFD, Monomelic amyotrophy,22425360,24178751,Hug, JBTS17, OFD6,ENSG00000197603,,,,,,,,,,,,,
established,C8ORF37,Chromosome 8 open reading frame 37,BBS, BB,RP, CRD, BBS,26854863,25113443,23788369,22177090,2610301B20Rik,ENSG00000156172,,,,,,,,,,,,
established,CC2D2A,coiled-coil and C2 domain containing 2A ,TZ, BB subdistal appendages,MKS, JBTS, COACH syndrome,18513680,19574260,18387594,JBTS9, MKS6,ENSG00000048342,,,,,,,,,,,,
established,CCDC103,coiled-coil domain containing 103 ,axonemal dynein complex assembly,PCD,22581229,PR46b, CILD17, SMH,ENSG00000167131,,,,,,,,,,,,,,,,
established,CCDC114,coiled-coil domain containing 114 ,axonemal dynein complex assembly,PCD,23261302,23261303,23506398,CILD20,ENSG00000105479,,,,,,,,,,,,,,,,
established,CCDC151,coiled-coil domain containing 151 ,axonemal dynein assembly,PCD,25192045,25224326,CILD30,ENSG00000198003,,,,,,,,,,,,,,,,,
established,CCDC28B,coiled-coil domain containing 28B ,BBS-associated, centriolar satellite?,BBS modifier,23015189,16327777,MGC1203, RP4-622L5.5,ENSG00000160050,,,,,,,,,,,,,,,
established,CCDC39,coiled-coil domain containing 39 ,axonemal dynein complex assembly,PCD,21131972,21131974,FAP59, CILD14, LOC101928882,ENSG00000145075,,,,,,,,,,,,,,,
established,CCDC40,coiled-coil domain containing 40 ,axonemal dynein complex assembly,PCD,25619595,CILD15, FAP172,ENSG00000141519,,,,,,,,,,,,,,,,,
established,CCDC65,coiled-coil domain containing 65 ,axonemal dynein assembly,PCD,24094744,23991085,CILD27, FAP250, DRC2, NYD-SP28, CFAP250,ENSG00000139537,,,,,,,,,,,,,
established,CCNO,cyclin O ,multi-ciliated epithelial cell differentiation,PCD,24747639,CCNU, CILD29, UDG2,ENSG00000152669,,,,,,,,,,,,,,,,
established,CENPF,centromere protein F ,BB, IFT-associated?,Stromme syndrome, Lethal fetal brain malformation-duodenal atresia-bilateral renal hypoplasia syndrome, microcephaly,26820108,25564561,PRO1779, STROMS, CENF, CILD31, hcp-1,ENSG00000117724,,,,,,,,,,
established,CEP104,centrosomal protein 104 ,BB, axoneme (tip),JBTS,26477546,GlyBP, JBTS25, ROC22, KIAA0562, CFAP256,ENSG00000116198,,,,,,,,,,,,,
established,CEP120,centrosomal protein 120 ,BB (centrosome),Short-rib thoracic dysplasia,25361962,23810536,CCDC100, SRTD13,ENSG00000168944,,,,,,,,,,,,,,,,
established,CEP164,centrosomal protein 164 ,BB distal appendage,"NPHP with retinal degeneration; probably SLSN, MKS, JBTS",24982133,22863007,NPHP15,ENSG00000110274,,,,,,,,,,,,,,,,,
established,CEP19,centrosomal protein 19 ,BB,Morbid obesity and spermatogenic failure (MOSPGF, 1 family),24268657,MOSPGF, C3ORF34,ENSG00000174007,,,,,,,,,,,,,,,,
established,CEP290,centrosomal protein 290 ,TZ, centriolar satellite,MKS, BBS, JBTS, LCA, SLSN,16682970,16682973,17345604,17564974,17617513,LCA10, CT87, POC3, JBTS5, NPHP6, SLSN6, MKS4, 3H11Ag, BBS14, rd16,ENSG00000198707
established,CEP41,centrosomal protein 41 ,BB, axoneme,JBTS, autism spectrum disorder,21438139,22246503,JBTS15, TSGA14,ENSG00000106477,,,,,,,,,,,,,,
established,CEP78,centrosomal protein 78 ,BB,CRD, hearing loss,27246242,27588451,27588452,C9ORF81, IP63,ENSG00000148019,,,,,,,,,,,,,,
established,CEP83,centrosomal protein 83 ,BB distal appendage,NPHP, intellectual disability,24882706,CCDC41, NPHP18, NY-REN-58,ENSG00000173588,,,,,,,,,,,,,,,
established,CFAP52,cilia and flagella associated protein 52 ,unclear localisation,Situs inversus ,17394468,25469542,WDR16, WDRPUH,ENSG00000166596,,,,,,,,,,,,,,,,
established,CFAP53,cilia and flagella associated protein 53 ,centriolar satellite,Heterotaxy,22577226,26538025,CCDC11,ENSG00000172361,,,,,,,,,,,,,,,,,
established,CLUAP1,clusterin associated protein 1 ,IFT-B subcomplex,LCA,26820066,IFT38, CFAP22, FAP22,ENSG00000103351,,,,,,,,,,,,,,,,
established,CNGA1,cyclic nucleotide gated channel alpha 1,axoneme - ciliary signalling,RP,7479749,"RCNC1, RP49, CNCG1, CNCG, RCNCalpha, RCNCa, CNG-1, CNG1",ENSG00000198515,,,,,,,,,,,,,,,,,,
established,CNGA2,cyclic nucleotide gated channel alpha 2 ,axoneme - ciliary signalling,Isolated congenital anosmia,25156905,OCNC1, CNCA1, OCNCALPHA, CNCA, CNG2, OCNCa,ENSG00000183862,,,,,,,,,,,,,
established,CNGB1,cyclic nucleotide gated channel beta 1 ,axoneme - ciliary signalling,RP,11379879,GAR1, CNG4, CNGB1B, GARP, RCNC2, RCNCb, CNCG2, GARP2, RCNCbeta, CNCG3L, CNCG4, RP45,ENSG00000070729,,,,,,,
established,CRX,cone-rod homeobox,transcription factor,LCA, CRD,9390563,9931337,CORD2, OTX3, CRD, LCA7,ENSG00000105392,,,,,,,,,,,,,
established,CSPP1,centrosome and spindle pole associated protein 1 ,BB,MKS, JBTS, Short-rib thoracic dysplasia,24360803,24360807,24360808,JBTS21, CSPP,ENSG00000104218,,,,,,,,,,,,,
established,DCDC2,doublecortin domain containing 2 ,axoneme,NPHP, non-syndromic recessive deafness, renal-hepatic ciliopathy, Neonatal Sclerosing Cholangitis,25619595,25557784,27319779,NPHP19, DCDC2A, RU2S, DFNB66, RU2,ENSG00000146038,,,,,,,,,
established,DDX59,DEAD-box helicase 59,nucleus, cytosplasm,OFD,23972372,DKFZP564B1023, OFD5, ZNHIT5,ENSG00000118197,,,,,,,,,,,,,,,
established,DNAAF1,dynein axonemal assembly factor 1 ,axonemal dynein complex assembly,PCD, seminomas,27261005,23599692,CILD13, LRRC50, ODA7,ENSG00000154099,,,,,,,,,,,,,,
established,DNAAF2,dynein axonemal assembly factor 2 ,axonemal dynein complex assembly,PCD,19052621,C14ORF104, KTU, PF13, CILD10,ENSG00000165506,,,,,,,,,,,,,,,
established,DNAAF3,dynein (axonemal) assembly factor 3,axonemal dynein complex assembly,PCD,22387996,PF22, C19ORF51, PCD, CILD2, DAB1,ENSG00000167646,,,,,,,,,,,,,,
established,DNAAF5,dynein axonemal assembly factor 5 ,axonemal dynein complex assembly,PCD,23040496,25232951,CILD18, HEATR2,ENSG00000164818,,,,,,,,,,,,,,,,
established,DNAH1,dynein axonemal heavy chain 1 ,axonemal dynein complex assembly,Non-syndromic male infertility,24360805,HDHC7, HL-11, DNAHC1, HSRF-1, HL11, XLHSRF-1,ENSG00000114841,,,,,,,,,,,,,
established,DNAH11,dynein axonemal heavy chain 11 ,axonemal dynein complex,PCD,12142464,18022865,DNAHBL, CILD7, DPL11, DNAHC11, DNHBL,ENSG00000105877,,,,,,,,,,,,,
established,DNAH5,dynein axonemal heavy chain 5 ,axonemal dynein complex,PCD,11788826,11912187,KTGNR, DNAH5, CILD3, HL1, PCD,ENSG00000039139,,,,,,,,,,,,,
established,DNAH6,dynein axonemal heavy chain 6 ,central pair,PCD (transheterozygous),26918822,HL-2, HL2, Dnahc6, DNHL1,ENSG00000115423,,,,,,,,,,,,,,,
established,DNAI1,dynein axonemal intermediate chain 1 ,axonemal dynein complex,PCD,11231901,DIC1, PCD, CILD1, ICS1,ENSG00000122735,,,,,,,,,,,,,,,
established,DNAI2,dynein axonemal intermediate chain 2 ,axonemal dynein complex,PCD,18950741,CILD9, DIC2,ENSG00000171595,,,,,,,,,,,,,,,,,
established,DNAJB13,DnaJ heat shock protein family (Hsp40) member B13,radial spoke,PCD, male infertility,27486783,RSPH16A, TSARG6,ENSG00000187726,,,,,,,,,,,,,,,,
established,DNAL1,dynein axonemal light chain 1 ,axonemal dynein complex,PCD,21496787,C14ORF168, CILD16,ENSG00000119661,,,,,,,,,,,,,,,,,
established,DRC1,dynein regulatory complex subunit 1 ,nexin bridge,PCD,23354437,CCDC164, C2ORF39, CILD21,ENSG00000157856,,,,,,,,,,,,,,,,
established,DYNC2H1,dynein cytoplasmic 2 heavy chain 1 ,IFT retrograde transport,Short-rib thoracic dysplasia,23456818,DNCH2, DYH1B, DHC2, hdhc11, ATD3, DHC1b, SRPS2B, SRTD3,ENSG00000187240,,,,,,,,,,,
established,DYNC2LI1,dynein cytoplasmic 2 light intermediate chain 1 ,IFT retrograde transport,Short-rib throacic dysplasia,26077881,CGI-60, D2LIC, LIC3,ENSG00000138036,,,,,,,,,,,,,,,,
established,DYX1C1,dyslexia susceptibility 1 candidate 1 ,axonemal dynein complex assembly,PCD,23872636,CILD25, DNAAF4, DYXC1, RD, EKN1, DYX1,ENSG00000256061,,,,,,,,,,,,,
established,EFHC1,EF-hand domain containing 1 ,axoneme,Juvenile myoclonic epilepsy,15258581,dJ304B14.2, EJM1,ENSG00000096093,,,,,,,,,,,,,,,,,
established,EVC,EvC ciliary complex subunit 1 ,axoneme (proximal) - INV compartment,Ellis-van Creveld syndrome, Weyers Acrofacial Dysostosis,10700184,DWF-1, EVC1, EVCL,ENSG00000072840,,,,,,,,,,,,,,,
established,EVC2,EvC ciliary complex subunit 2 ,axoneme (proximal) - INV compartment,Ellis-van Creveld syndrome, Weyers Acrofacial Dysostosis,12468274,16404586,WAD, LBN,ENSG00000173040,,,,,,,,,,,,,,,
established,FAM161A,family with sequence similarity 161 member A ,BB,RP,20705278,RP28,ENSG00000170264,,,,,,,,,,,,,,,,,,
established,FAM58A,family with sequence similarity 58 member A ,cilia regulation, cytosolic?,Syndactyly-telecanthus-anogenital and renal malformations (STAR) syndrome,27104747,"CycM, CDK10",ENSG00000262919,,,,,,,,,,,,,,,,,
established,FLCN,folliculin ,BB, axoneme,Birt-Hogg-Dubé syndrome,23784378,FLCL, BHD,ENSG00000154803,,,,,,,,,,,,,,,,
established,GALNT11,polypeptide N-acetylgalactosaminyltransferase 11 ,Golgi,Heterotaxy (congenital heart disease from laterality defect),24226769,21282601,GalNAc-T11,ENSG00000178234,,,,,,,,,,,,,,,,,
established,GAS8,growth arrest specific 8 ,dynein regulatory complex,PCD,27120127,DRC4, GAS11, CILD33,ENSG00000141013,,,,,,,,,,,,,,,,
established,GLI2,GLI family zinc finger 2 ,axoneme (tip),Holoprosencephaly, hypopituitarism and ectopic posterior pituitary lobe ,16254602,14581620,20685856,HPE9, THP1, THP2,ENSG00000074047,,,,,,,,,,,,,
established,GLI3,GLI family zinc finger 3 ,axoneme (tip),Greig cephalopolysyndactyly syndrome, Pallister-Hall syndrome, Postaxial polydactyly,20685856,ACLS, PAP-A, PAPA, PAPA1, PAPB, PPDIV,ENSG00000106571,,,,,,,,,,,
established,GLIS2,GLIS family zinc finger 2 ,nucleus,NPHP, acute megakaryoblastic leukemia without Down syndrome,23559409,17618285,NPHP7, NKL,ENSG00000126603,,,,,,,,,,,,,,,
established,GPR161,G protein-coupled receptor 161 ,axoneme,pituitary stalk interruption syndrome (1 family),25322266,RE2,ENSG00000143147,,,,,,,,,,,,,,,,,,
established,HEATR2,dynein (axonemal) assembly factor 5,axonemal dynein assembly,PCD,23040496,FLJ31671, HEATR2, FLJ25564, CILD18, FLJ20397, FLJ39381,ENSG00000164818,,,,,,,,,,,,,
established,HYDIN,"HYDIN, axonemal central pair apparatus protein ",central pair function,PCD,23022101,PPP1R31, HYDIN1, CILD5, HYDIN2,ENSG00000157423,,,,,,,,,,,,,,,
established,HYLS1,Hydrolethalus syndrome protein 1,basal body,Hydrolethalus, JBTS,15843405,26830932,HLS,ENSG00000198331,,,,,,,,,,,,,,,,
established,ICK,intestinal cell (MAK-like) kinase ,cilia regulation - IFT,Lethal endocrine-cerebro-osteodysplasia syndrome, short-rib polydactyly syndrome,19185282,27466187,KIAA0936, LCK2, MGC46090, MRK,ENSG00000112144,,,,,,,,,,,,,
established,IFT122,intraflagellar transport 122 ,IFT-A,Cranioectodermal dysplasia,24689072,20493458,SPG, WDR10p, WDR140,ENSG00000163913,,,,,,,,,,,,,,,
established,IFT140,intraflagellar transport 140 ,IFT-A,Short-rib thoracic dysplasia, RP, LCA, skeletal ciliopathy with early progressive kidney disease,26216056,24698627,22503633,23418020,26216056,gs114, KIAA0590,ENSG00000187535,,,,,,,,,,
established,IFT172,intraflagellar transport 172 ,IFT-B,BBS, RP, NPHP, Short-rib thoracic dysplasia, Jeune syndrome,24140113,26763875,SRTD10, RP71, NPHP17, wim, osm-1, SLB,ENSG00000138002,,,,,,,,
established,IFT27,intraflagellar transport 27 ,IFT-B,BBS,24488770,RABL4, BBS19, RAYL,ENSG00000100360,,,,,,,,,,,,,,,,
established,IFT43,intraflagellar transport 43 ,IFT-A,Cranioectodermal dysplasia,21378380,C14ORF179, CED3,ENSG00000119650,,,,,,,,,,,,,,,,,
established,IFT52,intraflagellar transport 52 ,IFT-B,Cranioectodermal dysplasia,26880018,CGI-53, NGD2, NGD5, C20ORF9,ENSG00000101052,,,,,,,,,,,,,,,
established,IFT57,intraflagellar transport 57 ,IFT-B,OFD with short stature and brachymesophalangia,27060890,HIPPI, MHS4R2, ESRRBL1,ENSG00000114446,,,,,,,,,,,,,,,,
established,IFT80,intraflagellar transport 80 ,IFT-B,Short-rib thoracic dysplasia,17468754,ATD2, WDR56, SRTD2,ENSG00000068885,,,,,,,,,,,,,,,,
established,IFT81,intraflagellar transport 81 ,IFT-B,NPHP, polydactyly,26275418,CDV1R, CDV-1, CDV-1R, DV1, CDV1,ENSG00000122970,,,,,,,,,,,,,
established,INPP5E,inositol polyphosphate-5-phosphatase E ,axoneme - signalling,JBTS, MORM syndrome,19668215,19668216,23386033,MORMS, CPD4, JBTS1, CORS1, PPI5PIV,ENSG00000148384,,,,,,,,,,,
established,INTU,inturned planar cell polarity protein ,BB,Short-rib thoracic dysplasia,27158779,PDZD6, INT, PDZK6,ENSG00000164066,,,,,,,,,,,,,,,,
established,INVS,inversin ,Inversin compartment,NPHP, SLSN, situs inversus,16522655,18076122,NPHP2, NPH2, INV,ENSG00000119509,,,,,,,,,,,,,
established,IQCB1,IQ motif containing B1 ,BB, TZ,LCA, SLSN, NPHP,15723066,20881296,21220633,SLSN5, NPHP5, PIQ,ENSG00000173226,,,,,,,,,,,
established,KIAA0556,KIAA0556 ,BB,JBTS,26714646,27245168,JBTS26,ENSG00000047578,,,,,,,,,,,,,,,,,
established,KIAA0586,KIAA0586 ,BB,JBTS, hydrolethalus, short-rib with polydactyly,26166481,26026149,TALPID3, JBTS23,ENSG00000100578,,,,,,,,,,,,,,
established,KIAA0753,MNR, OFIP,centriolar satellite,JBTS, OFD (1 patient),28220259,26643951,OFIP, MNR, KIAA0753,ENSG00000198920,,,,,,,,,,,,,
established,KIF7,kinesin family member 7 ,axoneme (tip),Hydrolethalus, Acrocallosal syndromes, JBTS, Multiple epiphyseal dysplasia Al-Gazali type,21552264,21633164,22587682,HLS2, UNQ340, JBTS12, ACLS, AGBK,ENSG00000166813,,,,,,,,,
established,KIZ,kizuna centrosomal protein,BB,CRD,24680887,C20orf19, PLK1S1, HT013,ENSG00000088970,,,,,,,,,,,,,,,,
established,LCA5,lebercilin ,axoneme, TZ (connecting cilium),LCA,17546029,C6ORF152,ENSG00000135338,,,,,,,,,,,,,,,,,
established,LRRC6,leucine rich repeat containing 6 ,axonemal dynein complex assembly,PCD,23122589,TSLRP, CILD19, LRTP,ENSG00000129295,,,,,,,,,,,,,,,,
established,LZTFL1,leucine zipper transcription factor like 1 ,BBS - IFT-associated,BBS,22510444,23692385,BBS17,ENSG00000163818,,,,,,,,,,,,,,,,,
established,MAK,male germ cell associated kinase ,cilia regulation - length, axoneme,RP,21825139,21835304,RP62,ENSG00000111837,,,,,,,,,,,,,,,,
established,MCIDAS,multiciliate differentiation and DNA synthesis associated cell cycle protein ,multi-ciliated epithelial cell differentiation,PCD,25048963,IDAS, MCI, MCIN,ENSG00000234602,,,,,,,,,,,,,,,,
established,MKKS,McKusick-Kaufman syndrome ,BBS - BB, assembly/folding factor,MKKS, BBS,10802661,10973238,10973251,BBS6, MKS, KMS, HMCS,ENSG00000125863,,,,,,,,,,,
established,MKS1,"Meckel syndrome, type 1 ",TZ,"BBS, MKS; JBTS",16415886,18327255,24886560,BBS13, POC12, MES, MKS,ENSG00000011143,,,,,,,,,,,,,
established,NEK1,NIMA related kinase 1 ,axoneme, nucleus,Short-rib thoracic dysplasia, OFD,21211617,27530628,SRPS2, SRTD6, NY-REN-55, SRPS2A,ENSG00000137601,,,,,,,,,,,,
established,NEK2,NIMA related kinase 2 ,BB proximal end,RP (1 patient),24043777,PPP1R111, HsPK21, RP67, NEK2A, NLK1,ENSG00000117650,,,,,,,,,,,,,,
established,NEK8,NIMA related kinase 8 ,Inversin compartment,NPHP, Renal-hepatic-pancreatic dysplasia,18199800,23418306,RHPD2, NPHP9, JCK, NEK12A,ENSG00000160602,,,,,,,,,,,,,
established,NEK9,NIMA related kinase 9 ,unclear localisation, BB?,short-rib thoracic dysplasia, Lethal congenital contracture syndrome,26908619,APUG, LCCS10, NC, NERCC, NERCC1,ENSG00000119638,,,,,,,,,,,,
established,NME7,NME/NM23 family member 7 ,Radial spoke component,Situs inversus totalis (1 family),27060491,NDK 7, NDK7, CFAP67, MN23H7, nm23-H7,ENSG00000143156,,,,,,,,,,,,,,
established,NME8,NME/NM23 family member 8 ,axonemal dynein assembly (ODA),PCD,17360648,TXNDC3, sptrx-2, HEL-S-99, NM23-H8, SPTRX2, CILD6,ENSG00000086288,,,,,,,,,,,,,
established,NPHP1,nephrocystin 1 ,TZ,NPHP, JBTS, SLSN, BBS,9326933,15138899,15689444,9856524,24746959,JBTS4, NPH1, SLSN1,ENSG00000144061,,,,,,,,,
established,NPHP3,nephrocystin 3,Inversin compartment,NPHP, MKS, renal-hepatic-pancreatic dysplasia,12872122,18371931,19177160,CFAP31, MKS7, NPH3, RHPD, RHPD1,ENSG00000113971,,,,,,,,,,
established,NPHP4,nephronophthisis 4 ,TZ,NPHP, SLSN,12244321,12205563,POC10, SLSN4,ENSG00000131697,,,,,,,,,,,,,,,
established,OFD1,"OFD1, centriole and centriolar satellite protein ",BB distal end, centriolar satellite,RP, JBTS, OFD, PCD, Simpson-Golabi-Behmel syndrome,22619378,11179005,16783569,19800048,CXORF5, SGBS2, RP23, 71-7A, JBTS10,ENSG00000046651,,,,,,
established,PDE6D,phosphodiesterase 6D ,lipidated protein transport,JBTS,24166846,JBTS22, PDED,ENSG00000156973,,,,,,,,,,,,,,,,,
established,PIBF1,progesterone immunomodulatory binding factor 1 ,BB (centrosome),JBTS,26167768,CEP90, C13ORF24, PIBF,ENSG00000083535,,,,,,,,,,,,,,,,
established,PIH1D3,PIH1 domain containing 3,cytoplasm,PCD,28176794,CXorf41, ENSG00000080572,,,,,,,,,,,,,,,,,,
established,PIK3R4,phosphoinositide-3-kinase regulatory subunit 4,axoneme, Golgi,"RP, NPHP, skeletal malformations, developmental anomalies (1 family)",27882921,VPS15, p150, ENSG00000196455,,,,,,,,,,,,,,,,
established,PKD1,"polycystin 1, transient receptor potential channel interacting ",axoneme - signalling,ADPKD,7894481,PBP, Pc-1, TRPP1,ENSG00000008710,,,,,,,,,,,,,,,,
established,PKD2,"polycystin 2, transient receptor potential cation channel ",axoneme - signalling,ADPKD,8650545,PC2, PKD4, TRPP2, APKD2, Pc-2,ENSG00000118762,,,,,,,,,,,,,,
established,PKD1L1,"polycystin 1 like 1, transient receptor potential channel interacting ",axoneme - signalling,heterotaxy, congenital heart malformations,27616478,PKD1L1, PRO19563,ENSG00000158683,,,,,,,,,,,,,,,,
established,PKHD1,polycystic kidney and hepatic disease 1 (autosomal recessive) ,axoneme - signalling,ARPKD,11919560,TIGM1, FCYT, ARPKD,ENSG00000170927,,,,,,,,,,,,,,,,
established,POC1B,POC1 centriolar protein B ,BB,CRD, LCA, JBTS, PKD (1 family),25018096,TUWD12, CORD20, PIX1, WDR51B,ENSG00000139323,,,,,,,,,,,,
established,POMGNT1,"protein O-linked mannose N-acetylglucosaminyltransferase 1 (beta 1,2-) ",Golgi,non-syndromic RP, Muscular dystrophy-dystroglycanopathy (congenital with brain and eye anomalies),26908613,11709191,FLJ20277, MGAT1.2, GNTI.2, GnT I.2, LGMD2O, MEB, gnT-I.2,ENSG00000085998,,,,,,,,,,
established,PTCH1,patched 1 ,axoneme - signalling,Holoprosencephaly, Basal cell nevus syndrome,11941477,19557015,19578363,19726763,PTCH11, PTCH, NBCCS, HPE7, PTC, BCNS, PTC1,ENSG00000185920,,,,,,,,
established,RAB23,"RAB23, member RAS oncogene family ",axoneme,Carpenter syndrome, acrocephalopolysyndactyly type 2,17503333,20375059,-,ENSG00000112210,,,,,,,,,,,,,,,,
established,RAB28,"RAB28, member RAS oncogene family ",BB, rootlet,CRD,23746546,27930654,CORD18,ENSG00000157869,,,,,,,,,,,,,,,,
established,RP1,retinitis pigmentosa 1 (autosomal dominant) ,TZ (connecting cilium),RP,11773008,ORP1, DCDC4A,ENSG00000104237,,,,,,,,,,,,,,,,,
established,RP1L1,retinitis pigmentosa 1-like 1 ,TZ (connecting cilium), axoneme,RP, Occult macular dystrophy,23281133,22605915,20826268,DCDC4B,ENSG00000183638,,,,,,,,,,,,,,
established,RP2,retinitis pigmentosa 2 (X-linked recessive) ,lipidated protein transport, BB, axoneme, pericentriolar membrane,RP,9697692,TBCCD2, DELXp11.3, NM23-H10, NME10, XRP2,ENSG00000102218,,,,,,,,,,,
established,RPGR,retinitis pigmentosa GTPase regulator ,TZ,"CRD; RP; RP with PCD; sinorespiratory infections, with or without deafness",8673101,12920075,11875055,11857109,16055928,ORF15, CRD, CORDX1, COD1, RP3, PCDX, RP15, XLRP3,ENSG00000156313,,,,,,,
established,RPGRIP1,retinitis pigmentosa GTPase regulator interacting protein 1 ,TZ,CRD, LCA,11528500,11283794,12920076,RPGRIP1d, RGRIP, RGI1, CORD13, LCA6, RPGRIP,ENSG00000092200,,,,,,,,,,
established,RPGRIP1L,RPGRIP1 like ,TZ,MKS, JBTS, COACH syndrome,17558407,17558409,17960139,19574260, ,FTM, MKS5, CORS3, NPHP8, JBTS7, PPP1R134,ENSG00000103494,,,,,,,
established,RSPH1,radial spoke head 1 homolog ,central pair, radial spoke,PCD,23993197,CILD24, FLJ32753, meichroacidin, RSP44, RSPH10A,ENSG00000160188,,,,,,,,,,,,,
established,RSPH3,radial spoke 3 homolog ,central pair, radial spoke,PCD,26073779,RSP3, CILD32, RSHL2, dJ111C20.1,ENSG00000130363,,,,,,,,,,,,,,
established,RSPH4A,radial spoke head 4 homolog A ,central pair,PCD,19200523,23993197,RSHL3, RSPH6B, dJ412I7.1, CILD11,ENSG00000111834,,,,,,,,,,,,,,
established,RSPH9,radial spoke head 9 homolog ,radial spoke,PCD,19200523,MRPS18AL1, C6ORF206, CILD12,ENSG00000172426,,,,,,,,,,,,,,,,
established,SCLT1,sodium channel and clathrin linker 1 ,BB distal appendage,OFD,24285566,CAP1A, CAP-1A,ENSG00000151466,,,,,,,,,,,,,,,,,
established,SDCCAG8,serologically defined colon cancer antigen 8 ,BB, TZ,BBS, SLSN, NPHP,22190896,20835237,CCCAP, SLSN7, NPHP10, CCCAP SLSN7, NY-CO-8, HSPC085, hCCCAP, BBS16,ENSG00000054282,,,,,,,
established,SMO,"smoothened, frizzled class receptor ",axoneme - ciliary signalling,Curry-Jones syndrome, basal cell carcinoma, Medulloblastoma,27236920,SMOH,ENSG00000128602,,,,,,,,,,,,,,,,
established,SPAG1,sperm associated antigen 1 ,axonemal dynein assembly,PCD,24055112,CILD28, CT140, FLJ32920, HSD-3.8, SP75, TPIS,ENSG00000104450,,,,,,,,,,,,,
established,SPATA7,spermatogenesis associated 7 ,TZ (connecting cilium),LCA, RP,19268277,LCA3, HSD-3.1, HSD3, HEL-S-296,ENSG00000042317,,,,,,,,,,,,,,
established,SUFU,SUFU negative regulator of hedgehog signaling ,Ciliary tip,"Basal cell carcinoma, medulloblastoma, meningioma",12068298,19533801,22958902,PRO1280, SUFUH, SUFUXL,ENSG00000107882,,,,,,,,,,,,,,
established,TAPT1,transmembrane anterior posterior transformation 1 ,BB,Complex Lethal Osteochondrodysplasia,26365339,CMVFR, OCLSBG,ENSG00000169762,,,,,,,,,,,,,,,,,
established,TBC1D32,TBC1 domain family member 32 ,cytosol,"OFD; polydactyly, absent pituitary, and congenital heart disease",24285566,BROMI,ENSG00000146350,,,,,,,,,,,,,,,,,,
established,TCTEX1D2,Tctex1 domain containing 2,IFT-dynein,Short-rib thoracic dysplasia,26044572,2583041,25205765,MGC33212,ENSG00000213123,,,,,,,,,,,,,,,,
established,TCTN1,tectonic family member 1 ,TZ,JBTS,21725307,TECT1, JBTS13,ENSG00000204852,,,,,,,,,,,,,,,,,
established,TCTN2,tectonic family member 2,TZ,MKS, NPHP, JBTS,21462283,21565611,TECT2, JBTS24, C12ORF38, MKS8 ,ENSG00000168778,,,,,,,,,,,,
established,TCTN3,tectonic family member 3 ,TZ,Mohr syndrome, JBTS, OFD,22883145,25118024,C10ORF61, JBTS18, TECT3, OFD4,ENSG00000119977,,,,,,,,,,,,
established,TMEM107,transmembrane protein 107 ,TZ,JBTS, OFD, MKS,26518474,26595381,26123494,MKS13,ENSG00000179029,,,,,,,,,,,,,,
established,TMEM138,transmembrane protein 138 ,TZ,JBTS, OFD (1 family),22282472,26982032,HSPC196,ENSG00000149483,,,,,,,,,,,,,,,,
established,TMEM17,transmembrane protein 17 ,TZ,OFD (1 family),26982032,FLJ34583,ENSG00000186889,,,,,,,,,,,,,,,,,,
established,TMEM216,transmembrane protein 216 ,TZ,MKS, JBTS, OFD,20036350,20512146,HSPC244,ENSG00000187049,,,,,,,,,,,,,,,
established,TMEM231,transmembrane protein 231 ,TZ,OFD, MKS, JBTS,25869670,23012439,23349226,JBTS20, ALYE870, MKS11, PRO1886,ENSG00000205084,,,,,,,,,,,
established,TMEM237,transmembrane protein 237 ,TZ,JBTS, MKS (1 family),22152675,23351400,JBTS14, ALS2CR4,ENSG00000155755,,,,,,,,,,,,,,,
established,TMEM67,transmembrane protein 67 ,TZ,MKS, JBTS, NPHP, COACH, modifier of BBS,19058225,19574260,16415887,17160906,19508969,JBTS6, MECKELIN, NPHP11, TNEM67, MKS3,ENSG00000164953,,,,,,
established,TOPORS,TOP1 binding arginine/serine rich protein ,BB,RP,21159800,LUN, P53BP3, RP31, TP53BPL,ENSG00000197579,,,,,,,,,,,,,,,
established,TRAF3IP1,TRAF3 interacting protein 1 ,IFT-B,SLSN,26487268,IFT54, MIP-T3, SLSN9, MIPT3,ENSG00000204104,,,,,,,,,,,,,,,
established,TRIM32,tripartite motif containing 32 ,BBS, nuclear?,BBS (1 family), Limb-girdle muscular dystrophy type 2H,16606853,TATIP, HT2A, LGMD2H, BBS11,ENSG00000119401,,,,,,,,,,,,,
established,TTBK2,tau tubulin kinase 2 ,distal appendage,spinocerebellar ataxia,18037885,23141541,SCA11, TTBK,ENSG00000128881,,,,,,,,,,,,,,,,
established,TTC21B,tetratricopeptide repeat domain 21B ,IFT-A,NPHP, Short-rib thoracic dysplasia, focal segmental glomerulosclerosis (FSGS),23339108,24876116,SRTD4, JBTS11, NPHP12, ATD4, IFT139, IFT139B, Nbla10696, THM1,ENSG00000123607,,,,,,,,
established,TTC25,tetratricopeptide repeat domain 25,axonemal dynein assembly,PCD,27486780,DKFZP434H0115,ENSG00000204815,,,,,,,,,,,,,,,,,,
established,TTC8,tetratricopeptide repeat domain 8 ,BBS - IFT-associated,BBS, RP,14520415,20451172,BBS8, RP51,ENSG00000165533,,,,,,,,,,,,,,,
established,TTLL5,tubulin tyrosine ligase like 5 ,BB,CRD,24791901,STAMP, CORD19, KIAA0998,ENSG00000119685,,,,,,,,,,,,,,,,
established,TUB,tubby bipartite transcription factor,BB, rootlet,retinal dystrophy and obesity,24375934,"rd5, RDOB",ENSG00000166402,,,,,,,,,,,,,,,,,
established,TULP1,tubby like protein 1 ,various - inner segment, TZ (connecting cilium), synapse,"RP, LCA",9462750,9462751,9660588,10440267,20238006,RP14, LCA15, TUBL1,ENSG00000112041,,,,,,,,,,
established,UNC119,unc-119 lipid binding chaperone,lipidated protein transport,CRD,11006213,POC7, HRG4, RG4, IMD13, POC7A,ENSG00000109103,,,,,,,,,,,,,,
established,USP9X,"ubiquitin specific peptidase 9, X-linked ",axoneme,"congenital malformations comprising choanal atresia, anal abnormalities, post-axial polydactyly, heart defects, hypomastia, cleft palate/bifid uvula, progressive scoliosis, and structural brain abnormalities; X-linked non-syndromic intellectual disability",26833328,FAF, MRX99, MRXS99F, FAM, DFFRX,ENSG00000124486,,,,,,,,,,,,,,
established,WDPCP,WD repeat containing planar cell polarity effector ,BBS, BB, axoneme,BBS (1 patient), OFD, Heart defect-tongue hamartoma-polysyndactyly syndrome,20671153,27158779,25427950,FRTZ, BBS15, C2ORF86, CHDTHP, FRITZ,ENSG00000143951,,,,,,,,
established,WDR19,WD repeat domain 19 ,IFT-A,SLSN, RP, Short-rib thoracic dysplasia, Cranioectodermal dysplasia, NPHP,22019273,23683095,24504730,IFT144, SRTD5, NPHP13, ORF26, ATD5, CED4, Oseg6, DYF-2, PWDMP,ENSG00000157796,,,,
established,WDR34,WD repeat domain 34 ,IFT-dynein,Short-rib thoracic dysplasia,24183451,24183449,25205765,bA216B9.3, FAP133, DIC5, SRTD11,ENSG00000119333,,,,,,,,,,,,,
established,WDR35,WD repeat domain 35 ,IFT-A,Cranioectodermal dysplasia, Short-rib thoracic dysplasia, Ellis-van Creveld syndrome,20817137,21473986,25908617,IFT121, SRTD7, CED2, IFTA1,ENSG00000118965,,,,,,,,,,,
established,WDR60,WD repeat domain 60 ,IFT-dynein,Short-rib thoracic dysplasia, JATD,23910462,25205765,FAP163, FLJ10300,ENSG00000126870,,,,,,,,,,,,,,,
established,XPNPEP3,X-prolyl aminopeptidase 3 ,mitochondria,NPHP-like nephropathy,20179356,ICP55, APP3, NPHPL1,ENSG00000196236,,,,,,,,,,,,,,,,
established,ZIC2,Zic family member 2,transcription factor,Holoprosencephaly,24585447,9771712,HPE5,ENSG00000043355,,,,,,,,,,,,,,,,,
established,ZMYND10,zinc finger MYND-type containing 10 ,axonemal dynein assembly,PCD,23891469,23891471,BLU, CILD22, FLU,ENSG00000004838,,,,,,,,,,,,,,,
established,ZNF423,zinc finger protein 423 ,nucleus,NPHP, JBTS,22863007,JBTS19, NPHP14, hOAZ, Ebfaz, ZFP423, Zfp104, OAZ, Roaz,ENSG00000102935,,,,,,,,,,
